#1 (str) Fach ID;Gruppen Ids;#2 (str) Fach;MV (nicht Dozent!);Gruppe;;
AR MA;WW M4 NW;Arbeitsrecht;Wilrich;MBA - 4 ING / NW;;
AR MA;WI M3;Arbeitsrecht;Wilrich;WIM - 3 A;;
Aut;4Tec,4Inf/Tec;Automatisierung;Glas;WI - 4 TEC 1;;
Aut;4Tec-G2,4Tec-G2/Inf;Automatisierung;Glas;WI - 4 TEC 2;;GRUPPEN TEC G1 / G2 hinzufügen (23.09.2014)
Aut;4Bio/Inf,4Inf/Bio,4Bio;Automatisierung;Glas;WI - 4 BIO;;
Aut;4Bio/Inf,4Inf/Bio,4Tec-G2/Inf,4Inf/Tec;Automatisierung;Glas;WI - 4 INF;;
Aut Prak;;Automatisierung Praktikum;Glas;;;
Aut-LM;4LM;Automatisierungstechnologie;Glas;LM - 4;;
Autom MA;WW M1 WI;Automatisierungstechnologie;Glas;MBA - 1 WI;;
Autom MA;WI M1;Automatisierungstechnologie;Glas;WIM - 1 A;;
Autom MA;WI M2;Automatisierungstechnologie;Glas;WIM - 2 A;;
BauVertr;WW M2 Bau;Europaeisches Bauvertrags- und Vergaberecht;FK02 (Kainz);MBA - 2 BAU;;
BIL MA;WW M1 NW;Bilanzierung;Englbrecht;MBA - 1 ING / NW;;
Bio-Prakt;5Bio/Inf,5Bio/Tec;Biotechnologisches Praktikum;Trebesius;WI - 5 BIO;;
Bio-Prakt-G2;;Biotechnologisches Praktikum;Trebesius;;;
Bio-VT;4Bio/Inf,4Inf/Bio,4Bio;Biologische Verfahrenstechnik;Deublein;WI - 4 BIO;;
BuBi;2A;Buchfuehrung und Bilanzierung;Englbrecht;WI - 2 A;;
BuBi;2B;Buchfuehrung und Bilanzierung;Englbrecht;WI - 2 B;;
BuBi;2C;Buchfuehrung und Bilanzierung;Englbrecht;WI - 2 C;;
BuBi;2LM;Buchfuehrung und Bilanzierung;Englbrecht;LM - 2;;
BuBi-AU;2AU;Buchfuehrung und Bilanzierung;Krahe;AU - 2;;
BuD-Log;6LM;Beschaffung und Distributionslogistik;Meier;LM - 6;;
BusGerm;;Doing Business in Germany;Doehl;;;
BWL;1A;Betriebswirtschaftslehre;Sachenbacher;WI - 1 A;;
BWL;1B;Betriebswirtschaftslehre;Sachenbacher;WI - 1 B;;
BWL;1C;Betriebswirtschaftslehre;Sachenbacher;WI - 1 C;;
BWL;1LM;Betriebswirtschaftslehre;Sachenbacher;LM - 1;;
BWL;1AU;Betriebswirtschaftslehre;Sachenbacher;AU - 1;;
BWL MA;WW M1 NW;Betriebswirtschaftslehre;Sachenbacher;MBA - 1 ING / NW;;
BWL MA;WW M1 NW-2;Betriebswirtschaftslehre;Sachenbacher;MBA - 1 ING / NW;;
Chemie;1A;Chemie;Trebesius;WI - 1 A;;
Chemie;1B;Chemie;Trebesius;WI - 1 B;;
Chemie;1C;Chemie;Trebesius;WI - 1 C;;
Chemie;1LM;Chemie;Trebesius;LM - 1;;
Chemie;1AU;Chemie;Trebesius;AU - 1;;
ConsSkills;WI M2;Consulting Skills;Osterchrist;WIM - 2 A;;
Cont MA;WW M3;Controlling;Krahe;MBA - 3 BAU;;
Cont MA;WW M3;Controlling;Krahe;MBA - 3 ING / NW;;
Cont MA;WW M3;Controlling;Krahe;MBA - 3 WI;;
Cont MA;WI M1;Controlling;Krahe;WIM - 1 A;;
Cont MA;WI M1 G2;Controlling;Krahe;WIM - 1 B;;
Cont MA-G2;WW M3;Controlling;Krahe;MBA - 3 BAU;;
Cont MA-G2;WW M3;Controlling;Krahe;MBA - 3 ING / NW;;
Cont MA-G2;WW M3;Controlling;Krahe;MBA - 3 WI;;
DA;3Tec;Datenanalyse;Abel;WI - 3 TEC G1;;
DA;3Tec-G2,3Tec-G2/Inf;Datenanalyse;Abel;WI - 3 TEC G2;;
DA;3Bio/Inf,3Inf/Bio,3Bio;Datenanalyse;Abel;WI - 3 BIO;;
DA;3Bio/Inf,3Inf/Bio,3Tec-G2/Inf,3Inf/Tec;Datenanalyse;Abel;WI - 3 INF;;
DB;3Bio/Inf,3Inf/Bio,3Inf/Tec;Datenbanken in Technik und Wirtschaft;Teich;WI - 3 INF;;
DigFabr;WI M1;Digitale Fabrikplanung;Spitznagel;WIM - 1 A;;
DigFabr;WI M1 G2;Digitale Fabrikplanung;Spitznagel;WIM - 1 B;;
DigFabr;WW M1 WI;Digitale Fabrikplanung;Spitznagel;MBA - 1 WI;;
DigFabr;WI M2;Digitale Fabrikplanung;Spitznagel;WIM - 2 A;;
DigFabr;WW M4 WI;Digitale Fabrikplanung;Spitznagel;MBA - 4 WI;;
DigFabr-a;WI M2;Digitale Fabrikplanung;Spitznagel;WIM - 2 A;;
DigFabr-b;WI M2;Digitale Fabrikplanung;Spitznagel;WIM - 2 A;;
DOE;;Design and Analysis of Experiments;Abel;;;
Einkauf;WI M2;Einhauf;?;WIM - 2 A;;
ElekAntr;4AU;Elektrische Antriebe;FK03 (Mueller);AU - 4;;
ElekBord Prak-G1;4AU;Elektrische Bordnetze Praktikum;FK03 (Buch);AU - 4;;
ElekBord Prak-G2;4AU;Elektrische Bordnetze Praktikum;FK03 (Buch);AU - 4;;
ElekBord Vorl;4AU;Elektrische Bordnetze Vorlesung;FK03 (Buch);AU - 4;;
Elektronik;4AU;Elektronik;FK03 (Küpper);AU - 4;;
EmbSys;5Inf/Bio,5Inf;Embedded Systems;Hinz;WI - 5 INF;;
EmbSys;CIE;Embedded Systems;Hinz;CIE - CIE;;
EngMech;1A;TM (Englisch);Hoffmann;WI - 1 A;;
EngMech;1B;TM (Englisch);Hoffmann;WI - 1 B;;
EngMech;1C;TM (Englisch);Hoffmann;WI - 1 C;;
EngMech;1LM;TM (Englisch);Hoffmann;LM - 1;;
EngMech;1AU;TM (Englisch);Hoffmann;AU - 1;;
EngMech;CIE;TM (Englisch);Hoffmann;CIE - CIE;;
EnTech;3Tec;Energietechnik;Mauerer;WI - 3 TEC G1;;
EnTech;3Tec-G2,3Tec-G2/Inf;Energietechnik;Mauerer;WI - 3 TEC G2;;
EntKon-G1;4Tec;Entwicklung und Konstruktion: CAD;Anzinger;WI - 4 TEC 1;;
EntKon-G1;4Tec-G2,4Tec-G2/Inf;Entwicklung und Konstruktion: CAD;Anzinger;WI - 4 TEC 2;;
EntKon-G2;4Tec;Entwicklung und Konstruktion: CAD;Anzinger;WI - 4 TEC 1;;
EntKon-G2;4Tec-G2,4Tec-G2/Inf;Entwicklung und Konstruktion: CAD;Anzinger;WI - 4 TEC 2;;
EntKon-G3;4Tec;Entwicklung und Konstruktion: CAD;Anzinger;WI - 4 TEC 1;;
EntKon-G3;4Tec-G2,4Tec-G2/Inf;Entwicklung und Konstruktion: CAD;Anzinger;WI - 4 TEC 2;;
EntKon-G4;4Tec;Entwicklung und Konstruktion: CAD;Anzinger;WI - 4 TEC 1;;
EntKon-G4;4Tec-G2;Entwicklung und Konstruktion: CAD;Anzinger;WI - 4 TEC 2;;
EntKonRef-G1;;Entwicklung und Konstruktion: Projekte;Simon;;;
EntKonRef-G2;;Entwicklung und Konstruktion: Projekte;Simon;;;
EntKonVorl;;Entwicklung und Konstruktion;Simon;;;
Entw;;Entwicklungsplanung und -methoden;Sauer;;;
Ergo;4Tec,4Inf/Tec;Ergonomie;Brombach;WI - 4 TEC 1;;
Ergo;4Tec-G2,4Tec-G2/Inf;Ergonomie;Brombach;WI - 4 TEC 2;;
Ergo;4Bio/Inf,4Inf/Bio,4Bio;Ergonomie;Brombach;WI - 4 BIO;;
Ergo;4Bio/Inf,4Inf/Bio,4Tec-G2/Inf,4Inf/Tec;Ergonomie;Brombach;WI - 4 INF;;
Ergo Prak;4Tec,4Inf/Tec;Ergonomie Praktikum;Brombach;WI - 4 TEC 1;;
Ergo Prak;4Tec-G2,4Tec-G2/Inf;Ergonomie Praktikum;Brombach;WI - 4 TEC 2;;
Ergo Prak;4Bio/Inf,4Inf/Bio,4Bio;Ergonomie Praktikum;Brombach;WI - 4 BIO;;
Ergo Prak;4Bio/Inf,4Inf/Bio,4Tec-G2/Inf,4Inf/Tec;Ergonomie Praktikum;Brombach;WI - 4 INF;;
ERP;6LM;ERP-Systeme;Rieger;LM - 6;;
ETech;2A;Elektrotechnik;Kurz;WI - 2 A;;
ETech;2B;Elektrotechnik;Kurz;WI - 2 B;;
ETech;2C;Elektrotechnik;Kurz;WI - 2 C;;
ETech;2LM;Elektrotechnik;Kurz;LM - 2;;
ETech;2AU;Elektrotechnik;Kurz;AU - 2;;
FahrDyn;4AU;Fahrdynamik;FK03 (Pfeffer);AU - 4;;
FahrKonz;3AU;Fahrzeugkonzepte und Strukturen;FK03 (Grabner);AU - 3;;
FahrzGetriebe;5AU;Fahrzeuggetriebe;FK03 (Knauer);AU - 5;;
FahrzTech Prak;5AU;Fahrzeugtechnik Praktikum;FK03 (Guethe);AU - 5;;
FahrzTech Vorl;5AU;Fahrzeugtechnik Vorlesung;FK03 (Guethe);AU - 5;;
FertAut Prak-G1;5Tec;Fertigungstechnik und Automatisierung Praktikum;Pischeltsrieder;WI - 5 TEC 1;;
FertAut Prak-G1;5Tec-G2/Bio;Fertigungstechnik und Automatisierung Praktikum;Pischeltsrieder;WI - 5 TEC 2;;
FertAut Prak-G1;5AU;Fertigungstechnik und Automatisierung Praktikum;Pischeltsrieder;AU - 5;;
FertAut Prak-G2;5Tec;Fertigungstechnik und Automatisierung Praktikum;Pischeltsrieder;WI - 5 TEC 1;;
FertAut Prak-G2;5Tec-G2/Bio;Fertigungstechnik und Automatisierung Praktikum;Pischeltsrieder;WI - 5 TEC 2;;
FertAut Prak-G3;5Tec;Fertigungstechnik und Automatisierung Praktikum;Pischeltsrieder;WI - 5 TEC 1;;
FertAut Prak-G4;5Tec;Fertigungstechnik und Automatisierung Praktikum;Pischeltsrieder;WI - 5 TEC 1;;
FertAut Vorl;5Tec;Fertigungstechnik und Automatisierung Vorlesung;Pischeltsrieder;WI - 5 TEC 1;;
FertAut Vorl;5Tec-G2/Bio;Fertigungstechnik und Automatisierung Vorlesung;Pischeltsrieder;WI - 5 TEC 2;;
FertAut Vorl;5AU;Fertigungstechnik und Automatisierung Vorlesung;Pischeltsrieder;AU - 5;;
FertAut Vorl-G2;;Fertigungstechnik und Automatisierung Vorlesung;Pischeltsrieder;;;
FertKunst-a;3AU;Fertigungs- (und Kunststoff)-Technik im Automobilbau;Pischeltsrieder;AU - 3;;
FertKunst-b;3AU;(Fertigungs- und) Kunststofftechnik im Automobilbau;FK03 (Dahn);AU - 3;;
FertTech Prak-LM;3LM;Praktikum Fertigungstechnik;Sauer;LM - 3;;
FertTech Prak-LM-G2;3LM;Praktikum: Fertigungstechnik;Sauer;LM - 3;;
FertTech Prak-LM-G3;3LM;Praktikum Fertigungstechnik;Sauer;LM - 3;;
FertTech Vorl-LM;3LM;Fertigungstechnik;Sauer;LM - 3;;
FertTech Vorl-WI;4Tec;Fertigungstechnik;Sauer;WI - 4 TEC 1;;
FertTech Vorl-WI;4Tec-G2,4Tec-G2/Inf;Fertigungstechnik;Sauer;WI - 4 TEC 2;;
FertTech Vorl-WI-G2;4Tec-G2;Fertigungstechnik;Sauer;WI - 4 TEC 2;;
FertTech Vorl-WI-LM;;Fertigungstechnik;Sauer;;;
FertTech1-AU;3AU;Fertigungstechnik 1;Koether;AU - 3;;
FertTech2-AU;4AU;Fertigungstechnik 2;Sauer;AU - 4;;
FIW MA;WW M2 NW;Finanz- und Investitionswirtschaft;Englbrecht;MBA - 2 ING / NW;;
FIW-AU-LM;4LM;Finanz- und Investitionswirtschaft;Englbrecht;LM - 4;;
FIW-AU-LM;4AU;Finanz- und Investitionswirtschaft;Englbrecht;AU - 4;;
FIW-WI;4Tec,4Inf/Tec;Finanz- und Investitionswirtschaft;Englbrecht;WI - 4 TEC 1;;
FIW-WI;4Tec-G2,4Tec-G2/Inf;Finanz- und Investitionswirtschaft;Englbrecht;WI - 4 TEC 2;;
FIW-WI;4Bio/Inf,4Inf/Bio,4Bio;Finanz- und Investitionswirtschaft;Englbrecht;WI - 4 BIO;;
FIW-WI;4Bio/Inf,4Inf/Bio,4Tec-G2/Inf,4Inf/Tec;Finanz- und Investitionswirtschaft;Englbrecht;WI - 4 INF;;
Foerder;3LM;Foerdertechnik;Koether;LM - 3;;
FrGer Strat MA;;French/German Strategy Seminar;Doehl;;;
FS Engl Hi1;5Bio/Inf,5Inf/Bio;Englisch;Meier-Fohrbeck;WI - 5 BIO;;
FS Engl Hi1;5Bio/Inf,5Inf/Bio,5Inf;Englisch;Meier-Fohrbeck;WI - 5 INF;;
FS Engl Hi1;4LM;Englisch;Meier-Fohrbeck;LM - 4;;
FS Engl Hi1-G1;5Tec;Englisch;Meier-Fohrbeck;WI - 5 TEC 1;;
FS Engl Hi1-G1;5Tec-G2/Bio;Englisch;Meier-Fohrbeck;WI - 5 TEC 2;;
FS Engl Hi1-G1;5Tec-G2/Bio,5Bio/Tec;Englisch;Meier-Fohrbeck;WI - 5 BIO;;
FS Engl Hi1-G1;3AU;Englisch;Meier-Fohrbeck;AU - 3;;
FS Engl Hi1-G2;5Tec;Englisch;Meier-Fohrbeck;WI - 5 TEC 1;;
FS Engl Hi1-G2;5Tec-G2/Bio;Englisch;Meier-Fohrbeck;WI - 5 TEC 2;;
FS Engl Hi1-G2;5Tec-G2/Bio,5Bio/Tec;Englisch;Meier-Fohrbeck;WI - 5 BIO;;
FS Engl Hi1-G2;3AU;Englisch;Meier-Fohrbeck;AU - 3;;
FS Engl Hi1-G3;;Englisch;Meier-Fohrbeck;;;
FS Engl Hi2;4AU;Englisch;Meier-Fohrbeck;AU - 4;;
FS Engl Hi2;6LM;Englisch;Meier-Fohrbeck;LM - 6;;
FS Engl Hi2;6Inf/Bio,6Bio/Inf;Englisch;Meier-Fohrbeck;WI - 6 INF;;
FS Engl Hi2;6Inf/Bio,6Bio/Inf;Englisch;Meier-Fohrbeck;WI - 6 BIO;;
FS Engl Hi2-G1;6Tec;Englisch;Meier-Fohrbeck;WI - 6 TEC;;
FS Engl Hi2-G2;6Tec;Englisch;Meier-Fohrbeck;WI - 6 TEC;;
FS Engl Van;4Bio/Inf,4Inf/Bio;Englisch;Meier-Fohrbeck;WI - 4 BIO;;
FS Engl Van;4Bio/Inf,4Inf/Bio;Englisch;Meier-Fohrbeck;WI - 4 INF;;
FS Engl Van-G1;4Tec,4Inf/Tec;Englisch;Meier-Fohrbeck;WI - 4 TEC 1;;
FS Engl Van-G1;4Tec-G2,4Tec-G2/Inf;Englisch;Meier-Fohrbeck;WI - 4 TEC 2;;
FS Engl Van-G1;4Bio;Englisch;Meier-Fohrbeck;WI - 4 BIO;;
FS Engl Van-G1;4Inf/Tec,4Tec-G2/Inf;Englisch;Meier-Fohrbeck;WI - 4 INF;;
FS Engl Van-G2;4Tec,4Inf/Tec;Englisch;Meier-Fohrbeck;WI - 4 TEC 1;;
FS Engl Van-G2;4Tec-G2,4Tec-G2/Inf;Englisch;Meier-Fohrbeck;WI - 4 TEC 2;;
FS Engl Van-G2;4Bio;Englisch;Meier-Fohrbeck;WI - 4 BIO;;
FS Engl Van-G2;4Inf/Tec,4Tec-G2/Inf;Englisch;Meier-Fohrbeck;WI - 4 INF;;
FS Engl Van-G3;4Tec;Englisch;Meier-Fohrbeck;WI - 4 TEC 1;;
FS Engl Van-G3;4Tec-G2;Englisch;Meier-Fohrbeck;WI - 4 TEC 2;;
FS Franz1;4Tec,4Inf/Tec;Fachsprache Franzoesisch;Kuhn;WI - 4 TEC 1;;
FS Franz1;4Tec-G2,4Tec-G2/Inf;Fachsprache Franzoesisch;Kuhn;WI - 4 TEC 2;;
FS Franz1;4Bio/Inf,4Inf/Bio,4Bio;Fachsprache Franzoesisch;Kuhn;WI - 4 BIO;;
FS Franz1;4Bio/Inf,4Inf/Bio,4Inf/Tec,4Tec-G2/Inf;Fachsprache Franzoesisch;Kuhn;WI - 4 INF;;
FS Franz1;WPM AU;Fachsprache Franzoesisch;Kuhn;AU - WPM;;
FS Franz1;WPM LM;Fachsprache Franzoesisch;Kuhn;LM - WPM;;
FS Franz2;5Tec,5Bio/Tec;Fachsprache Franzoesisch;Kuhn;WI - 5 TEC 1;;
FS Franz2;5Tec-G2/Bio;Fachsprache Franzoesisch;Kuhn;WI - 5 TEC 2;;
FS Franz2;5Bio/Inf,5Inf/Bio,5Tec-G2/Bio,5Bio/Tec;Fachsprache Franzoesisch;Kuhn;WI - 5 BIO;;
FS Franz2;5Bio/Inf,5Inf/Bio,5Inf;Fachsprache Franzoesisch;Kuhn;WI - 5 INF;;
FS Franz3;6Inf/Bio,6Bio/Inf;Fachsprache Franzoesisch;Kuhn;WI - 6 INF;;
FS Franz3;6Inf/Bio,6Bio/Inf;Fachsprache Franzoesisch;Kuhn;WI - 6 BIO;;
FS Franz3;6Inf/Bio,6Bio/Inf,6Tec;Fachsprache Franzoesisch;Kuhn;WI - 6 TEC;;
GenTechExp;;Gentechnologie in FK06;Trebesius;;;
HandTech;7LM;Handhabungstechnik;Pischeltsrieder;LM - 7;;
Ind-Biotechn;4Bio/Inf,4Inf/Bio,4Bio;Industrielle Biotechnologie;Deublein;WI - 4 BIO;;
Info Eng;WI M1;Information Engineering;Puchan;WIM - 1 A;;
Info Eng;WI M1 G2;Information Engineering;Puchan;WIM - 1 B;;
Inform-G1;1A;Informatik;Hinz;WI - 1 A;;
Inform-G1;1B;Informatik;Hinz;WI - 1 B;;
Inform-G1;1C;Informatik;Hinz;WI - 1 C;;
Inform-G1;1LM;Informatik;Hinz;LM - 1;;
Inform-G1;1AU;Informatik;Hinz;AU - 1;;
Inform-G2;1A;Informatik;Hinz;WI - 1 A;;
Inform-G2;1B;Informatik;Hinz;WI - 1 B;;
Inform-G2;1C;Informatik;Hinz;WI - 1 C;;
Inform-G2;1LM;Informatik;Hinz;LM - 1;;
Inform-G2;1AU;Informatik;Hinz;AU - 1;;
InfoSys;3Tec;Informationssysteme;Teich;WI - 3 TEC G1;;
InfoSys;3Tec-G2;Informationssysteme;Teich;WI - 3 TEC G2;;
InfoSys;3Bio/Inf,3Inf/Bio,3Bio;Informationssysteme;Teich;WI - 3 BIO;;
InfoSys;3Bio/Inf,3Inf/Bio,3Tec-G2/Inf,3Inf/Tec;Informationssysteme;Teich;WI - 3 INF;;
InfoSys-G1;3Inf/Tec,3Tec;Informationssysteme;Teich;WI - 3 TEC G1;;
InfoSys-G1;3Tec-G2/Inf;Informationssysteme;Teich;WI - 3 TEC G2;;
InfoSys-G1;3Bio/Inf,3Inf/Bio,3Tec-G2/Inf,3Inf/Tec;Informationssysteme;Teich;WI - 3 INF;;
InfoSys-G2;3Inf/Tec,3Tec;Informationssysteme;Teich;WI - 3 TEC G1;;
InfoSys-G2;3Tec-G2/Inf;Informationssysteme;Teich;WI - 3 TEC G2;;
InfoSys-G2;3Bio/Inf,3Inf/Bio,3Tec-G2/Inf,3Inf/Tec;Informationssysteme;Teich;WI - 3 INF;;
InfoSys-G3;;Informationssysteme;Teich;;;
InfoSys-G4;;Informationssysteme;Teich;;;
Innov Mgt;WI M2;Innovation Management;Metze;WIM - 2 A;;
Innov Mgt;WW M5;Innovation Management;Metze;MBA - 5 BAU;;
Innov Mgt;WW M5;Innovation Management;Metze;MBA - 5 ING / NW;;
Innov Mgt;WW M5;Innovation Management;Metze;MBA - 5 WI;;
Innov Mgt;CIE;Innovation Management;Metze;CIE - CIE;;
Innov Mgt-G1;WI M2;Innovation Management;Metze;WIM - 2 A;;
Innov Mgt-G1;WW M5;Innovation Management;Metze;MBA - 5 ING / NW;;
Innov Mgt-G1;CIE;Innovation Management;Metze;CIE - CIE;;
Innov Mgt-G2;WI M2;Innovation Management;Metze;WIM - 2 A;;
Innov Mgt-G2;WW M5;Innovation Management;Metze;MBA - 5 ING / NW;;
IntProj;6LM;Interdisziplinaere Projektarbeit;Meier;LM - 6;;
IT-Mech;5Inf/Bio;IT in der Mechatronik;Schoenecker;WI - 5 INF;;
IT-Proj-1;4Inf/Bio,4Inf/Tec;IT-Projektseminar;Puchan;WI - 4 INF;;
IT-Proj-1-Vorl;4Inf/Bio;IT-Projektseminar;Puchan;WI - 4 INF;;
IT-Proj-1-Prakt-G1;4Inf/Bio;IT-Projektseminar;Puchan;WI - 4 INF;;
IT-Proj-1-Prakt-G2;4Inf/Bio;IT-Projektseminar;Puchan;WI - 4 INF;;
IT-Proj-1-G1;;IT-Projektseminar;Puchan;;;
IT-Proj-1-G2;;IT-Projektseminar;Puchan;;;
IT-Proj-2;5Inf/Bio,5Inf;IT-Projektseminar;Puchan;WI - 5 INF;;
IT-Proj-2-G1;;IT-Projektseminar;Puchan;;;
IT-Proj-2-G2;;IT-Projektseminar;Puchan;;;
Kost;3Tec;Kostenrechnung;Krahe;WI - 3 TEC G1;;
Kost;3Tec-G2,3Tec-G2/Inf;Kostenrechnung;Krahe;WI - 3 TEC G2;;
Kost;3Bio/Inf,3Inf/Bio,3Bio;Kostenrechnung;Krahe;WI - 3 BIO;;
Kost;3Bio/Inf,3Inf/Bio,3Tec-G2/Inf,3Inf/Tec;Kostenrechnung;Krahe;WI - 3 INF;;
Kost;3LM;Kostenrechnung;Krahe;LM - 3;;
Kost;3AU;Kostenrechnung;Krahe;AU - 3;;
Kost MA;WW M2 NW;Kostenrechnung;Krahe;MBA - 2 ING / NW;;
Lager;4LM;Lagertechnik;Däubel;LM - 4;;
Mark;4Tec,4Inf/Tec;Marketing;Doehl;WI - 4 TEC 1;;
Mark;4Tec-G2,4Tec-G2/Inf;Marketing;Doehl;WI - 4 TEC 2;;
Mark;4Bio/Inf,4Inf/Bio,4Bio;Marketing;Doehl;WI - 4 BIO;;
Mark;4Bio/Inf,4Inf/Bio,4Inf/Tec,4Tec-G2/Inf;Marketing;Doehl;WI - 4 INF;;
Mark;CIE;Marketing;Doehl;CIE - CIE;;
Mark MA;WW M4 NW;Technical Marketing;Doehl;MBA - 4 ING / NW;;
Mark MA;CIE;Technical Marketing;Doehl;CIE - CIE;;
MarkWI - 1 AU;4AU;Marketing und Vertrieb Grundlagen;Doehl;AU - 4;;
MarkWI - 2 AU;5AU;Marketing und Vertrieb Automobilwirtschaft;Doehl;AU - 5;;
MarkWI - 2 AU-G2;;Marketing und Vertrieb Automobilwirtschaft;Doehl;;;
Mark1 AU;4AU;Marketing;Doehl;AU - 4;;
Mark1 AU;CIE;Marketing;Doehl;CIE - CIE;;
Mark2 AU;5AU;Marketing;Doehl;AU - 5;;
Mark-G2;;Marketing;Doehl;;;
Mathe1 Vorl;1A;Mathematik 1;Stumpp;WI - 1 A;;
Mathe1 Vorl;1B;Mathematik 1;Stumpp;WI - 1 B;;
Mathe1 Vorl;1C;Mathematik 1;Stumpp;WI - 1 C;;
Mathe1 Vorl;1LM;Mathematik 1;Stumpp;LM - 1;;
Mathe1 Vorl;1AU;Mathematik 1;Stumpp;AU - 1;;
Mathe2;2A;Mathematik 2;Stumpp;WI - 2 A;;
Mathe2;2B;Mathematik 2;Stumpp;WI - 2 B;;
Mathe2;2C;Mathematik 2;Stumpp;WI - 2 C;;
Mathe2;2LM;Mathematik 2;Stumpp;LM - 2;;
Mathe2;2AU;Mathematik 2;Stumpp;AU - 2;;
MatheÜB-G1;1A;Mathematik Übung;Stumpp;WI - 1 A;;
MatheÜB-G1;1B;Mathematik Übung;Stumpp;WI - 1 B;;
MatheÜB-G1;1C;Mathematik Übung;Stumpp;WI - 1 C;;
MatheÜB-G1;1LM;Mathematik Übung;Stumpp;LM - 1;;
MatheÜB-G1;1AU;Mathematik Übung;Stumpp;AU - 1;;
MatheÜB-G2;1A;Mathematik Übung;Stumpp;WI - 1 A;;
MatheÜB-G2;1B;Mathematik Übung;Stumpp;WI - 1 B;;
MatheÜB-G2;1C;Mathematik Übung;Stumpp;WI - 1 C;;
MatheÜB-G2;1LM;Mathematik Übung;Stumpp;LM - 1;;
MatheÜB-G2;1AU;Mathematik Übung;Stumpp;AU - 1;;
ME1;2A;Maschinenelemente 1;Hoffmann;WI - 2 A;;
ME1;2B;Maschinenelemente 1;Hoffmann;WI - 2 B;;
ME1;2C;Maschinenelemente 1;Hoffmann;WI - 2 C;;
ME1;2LM;Maschinenelemente 1;Hoffmann;LM - 2;;
ME1;2AU;Maschinenelemente 1;Hoffmann;AU - 2;;
ME2;3Tec;Maschinenelemente 2;Simon;WI - 3 TEC G1;;
ME2;3Tec-G2,3Tec-G2/Inf;Maschinenelemente 2;Simon;WI - 3 TEC G2;;
ME2;3Bio/Inf,3Inf/Bio,3Bio;Maschinenelemente 2;Simon;WI - 3 BIO;;
ME2;3Bio/Inf,3Inf/Bio,3Tec-G2/Inf,3Inf/Tec;Maschinenelemente 2;Simon;WI - 3 INF;;
Mikro Prak;;Mikrobiologisches Praktikum in FK06;Trebesius;;;
MoBi;3Bio/Inf,3Inf/Bio,3Bio;Molekularbiologie;Trebesius;WI - 3 BIO;;
NaWaRo;5Bio/Inf,5Inf/Bio,5Bio/Tec;Nachwachsende Rohstoffe;Deublein;WI - 5 BIO;;
NT 1 - EnergieEff;WW M1 WI;Energieeffizienz;Mauerer;MBA - 1 WI;;
NT 1 - EnergieEff;WI M1;Energieeffizienz;Mauerer;WIM - 1 A;;
NT 1 - EnergieEff G2;WI M1 G2;Energieeffizienz;Mauerer;WIM - 1 B;;
NT 1 - InforTech;WW M1 WI;Informationstechnologie;Puchan;MBA - 1 WI;;
NT 1 - InforTech;WI M1;Informationstechnologie;Puchan;WIM - 1 A;;
NT 1 - InforTech;WI M1 G2;Informationstechnologie;Puchan;WIM - 1 B;;
NT 1 - InforTech G2;WI M1 G2;Informationstechnologie;Puchan;WIM - 1 B;;
NT 2 - GenTech;WI M2;Gentechnologie;Trebesius;WIM - 2 A;;
NT 2 - GenTech;WW M2 WI;Gentechnologie;Trebesius;MBA - 2 WI;;
NT 2 - NanoTech;WI M2;Nanotechnologie;Rebhan;WIM - 2 A;;
NT 2 - NanoTech;WW M2 WI;Nanotechnologie;Rebhan;MBA - 2 WI;;
P-D-Mod;3LM;Prozess- und Datenmodellierung;Puchan;LM - 3;;
Pe&PP-Partnership;WW M4 Bau;Projektentwicklung und Public Private Partnership;Puchan;MBA - 4 BAU;;
Pers MA;WI M2;Personalführung;Osterchrist;WIM - 2 A;;
Pers MA;CIE;Personalführung;Osterchrist;CIE - CIE;;
Pers MA;WW M3;Personalführung;Osterchrist;MBA - 3 BAU;;
Pers MA;WW M3;Personalführung;Osterchrist;MBA - 3 ING / NW;;
Pers MA;WW M3;Personalführung;Osterchrist;MBA - 3 WI;;
Pers MA-G2;WI M2;Personalführung;Osterchrist;WIM - 2 A;;
Pers MA-G2;CIE;Personalführung;Osterchrist;CIE - CIE;;
PersOrgEntw;7Bio;Personal- und Organisationsentwicklung;Osterchrist;WI - 7 BIO;;
PersOrgEntw;7Tec-G2/Inf,7Inf/Tec;Personal- und Organisationsentwicklung;Osterchrist;WI - 7 INF;;
PersOrgEntw;7Tec-G2/Inf,7Inf/Tec,7Tec;Personal- und Organisationsentwicklung;Osterchrist;WI - 7 TEC;;
PersOrgEntw;7LM;Personal- und Organisationsentwicklung;Osterchrist;LM - 7;;
PersOrgEntw;7AU;Personal- und Organisationsentwicklung;Osterchrist;AU - 7;;
PersOrgEntw-G2;;Personal- und Organisationsentwicklung;Osterchrist;;;
Physik;2A;Physik;Mauerer;WI - 2 A;;
Physik;2B;Physik;Mauerer;WI - 2 B;;
Physik;2C;Physik;Mauerer;WI - 2 C;;
Physik;2LM;Physik;Mauerer;LM - 2;;
Physik;2AU;Physik;Mauerer;AU - 2;;
Physik Prak-a;3Tec;Physikalisches Praktikum;Rebhan;WI - 3 TEC G1;;
Physik Prak-a;3Tec-G2,3Tec-G2/Inf;Physikalisches Praktikum;Rebhan;WI - 3 TEC G2;;
Physik Prak-a;3Bio/Inf,3Inf/Bio,3Bio;Physikalisches Praktikum;Rebhan;WI - 3 BIO;;
Physik Prak-a;3Bio/Inf,3Inf/Bio,3Tec-G2/Inf,3Inf/Tec;Physikalisches Praktikum;Rebhan;WI - 3 INF;;
Physik Prak-a;2LM;Physikalisches Praktikum;Rebhan;LM - 2;;
Physik Prak-a;2AU;Physikalisches Praktikum;Rebhan;AU - 2;;
Physik Prak-a-G2;2LM;Physikalisches Praktikum;Rebhan;LM - 2;;
Physik Prak-b;3Tec;Physikalisches Praktikum;Rebhan;WI - 3 TEC G1;;
Physik Prak-b;3Tec-G2,3Tec-G2/Inf;Physikalisches Praktikum;Rebhan;WI - 3 TEC G2;;
Physik Prak-b;3Bio/Inf,3Inf/Bio,3Bio;Physikalisches Praktikum;Rebhan;WI - 3 BIO;;
Physik Prak-b;3Bio/Inf,3Inf/Bio,3Tec-G2/Inf,3Inf/Tec;Physikalisches Praktikum;Rebhan;WI - 3 INF;;
Physik Prak-b;2LM;Physikalisches Praktikum;Rebhan;LM - 2;;
Physik Prak-b;2AU;Physikalisches Praktikum;Rebhan;AU - 2;;
Physik Prak-b-G2;2LM;Physikalisches Praktikum;Rebhan;LM - 2;;
PML1;5Tec;Produktionsmanagement und Logistik;Spitznagel;WI - 5 TEC 1;;
PML1;5Tec-G2/Bio,5Bio/Tec;Produktionsmanagement und Logistik;Spitznagel;WI - 5 TEC 2;;
PML1;5Bio/Inf,5Inf/Bio,5Tec-G2/Bio,5Bio/Tec;Produktionsmanagement und Logistik;Spitznagel;WI - 5 BIO;;
PML1;5Bio/Inf,5Inf/Bio,5Inf;Produktionsmanagement und Logistik;Spitznagel;WI - 5 INF;;
PML1;4LM;Produktionsmanagement und Logistik;Spitznagel;LM - 4;;
PML1;5AU;Produktionsmanagement und Logistik;Spitznagel;AU - 5;;
PML1-G2;5Tec;Produktionsmanagement und Logistik;Spitznagel;WI - 5 TEC 1;;
PML2;7Bio;Produktionsmanagement und Logistik;Meier;WI - 7 BIO;;
PML2;7Tec,7Inf/Tec,7Tec-G2/Inf;Produktionsmanagement und Logistik;Meier;WI - 7 TEC;;
PML2;7Tec-G2/Inf,7Inf/Tec;Produktionsmanagement und Logistik;Meier;WI - 7 INF;;
PML2;6LM;Produktionsmanagement und Logistik;Meier;LM - 6;;
PML2;7AU;Produktionsmanagement und Logistik;Meier;AU - 7;;
PML2-G2;7Tec;Produktionsmanagement und Logistik;Meier;LM - 7;;
PML2-G2;7AU;Produktionsmanagement und Logistik;Meier;AU - 7;;
PP;5Bio/Inf,5Inf/Bio;Projektplanung und Qualitätsmanagement;Schulz;WI - 5 BIO;;
PP;5Bio/Inf,5Inf/Bio;Projektplanung und Qualitätsmanagement;Schulz;WI - 5 INF;;
PP;5Tec;Projektplanung und Qualitätsmanagement;Schulz;WI - 5 TEC 1;;
PP;5LM;Projektplanung und Qualitätsmanagement;Schulz;LM - 5;;
PP-G2;5Tec;Projektplanung und Qualitätsmanagement;Schulz;WI - 5 TEC 1;;
PPQM-Vorl;5Tec;PPQM Vorlesung;Schulz;WI - 5 TEC 1;;
PPQM-Vorl;5Tec-G2/Bio;PPQM Vorlesung;Schulz;WI - 5 TEC 2;;
PPQM-Vorl;5Tec-G2/Bio,5Bio/Tec;PPQM Vorlesung;Schulz;WI - 5 BIO;;
PPQM-Vorl;5Inf;PPQM Vorlesung;Schulz;WI - 5 INF;;
PPQM-Vorl;5LM;PPQM Vorlesung;Schulz;LM - 5;;
PPQM-Vorl;3AU;PPQM Vorlesung;Schulz;AU - 3;;
PPQM-Vorl;7AU;PPQM Vorlesung;Schulz;AU - 7;;
PPQM-Proj;5Tec;PPQM Projekt;Schulz;WI - 5 TEC 1;;
PPQM-Proj;5Tec-G2/Bio;PPQM Projekt;Schulz;WI - 5 TEC 2;;
PPQM-Proj;5Tec-G2/Bio,5Bio/Tec;PPQM Projekt;Schulz;WI - 5 BIO;;
PPQM-Proj;5Inf;PPQM Projekt;Schulz;WI - 5 INF;;
PPQM-Proj;5LM;PPQM Projekt;Schulz;LM - 5;;
PPQM-Proj;3AU;PPQM Projekt;Schulz;AU - 3;;
PPQM-Proj;7AU;PPQM Projekt;Schulz;AU - 7;;
Prod;3Tec;Produktion;Koether;WI - 3 TEC G1;;
Prod;3Tec-G2,3Tec-G2/Inf;Produktion;Koether;WI - 3 TEC G2;;
Prod;3Bio/Inf,3Inf/Bio,3Bio;Produktion;Koether;WI - 3 BIO;;
Prod;3Bio/Inf,3Inf/Bio,3Tec-G2/Inf,3Inf/Tec;Produktion;Koether;WI - 3 INF;;
Prod-G2;;Produktion;Koether;;;
ProdLife;;Product Life Cycle Management;Schoenecker;;;
ProdLife Prak-G1;;Product Life Cycle Management Praktikum;Schoenecker;;;
ProdLife Prak-G2;;Product Life Cycle Management Praktikum;Schoenecker;;;
ProdLife-G1;5Tec,5Tec-G2/Bio;Product Life Cycle Management;Schoenecker;WI - 5 TEC 1;;
ProdLife-G2;5Tec,5Tec-G2/Bio;Product Life Cycle Management;Schoenecker;WI - 5 TEC 2;;
ProdPlan Prak;5LM;Produktionsplanung Praktikum;Meier;LM - 5;;
QM;5Bio/Inf,5Inf/Bio;Projektplanung und Qualitätsmanagement;Schulz;WI - 5 BIO;;
QM;5Bio/Inf,5Inf/Bio;Projektplanung und Qualitätsmanagement;Schulz;WI - 5 INF;;
QM;5Tec;Projektplanung und Qualitätsmanagement;Schulz;WI - 5 TEC 1;;
QM;5LM;Projektplanung und Qualitätsmanagement;Schulz;LM - 5;;
QM-G2;5Tec;Projektplanung und Qualitätsmanagement;Schulz;WI - 5 TEC 1;;
QM-GMP;Export;Qualitätsmanagement in FK06;Deublein;;;
RegTech;3LM;Regelungstechnik;Glas;LM - 3;;
Ressoruceneff. Alu-Druckguss;WPM WI;Ressoruceneff. Alu-Druckguss;Koether;WI - WPM;;
Ressoruceneff. Alu-Druckguss;WPM AU;Ressoruceneff. Alu-Druckguss;Koether;AU - WPM;;
Ressoruceneff. Alu-Druckguss;CIE;Ressoruceneff. Alu-Druckguss;Koether;CIE - CIE;;
RW-Bilanz;WW M1 NW;Rechnungswesen-Bilanzierung;Englbrecht;MBA - 1 ING / NW;;
RW-Bilanz;WW M1 NW-2;Rechnungswesen-Bilanzierung;Englbrecht;MBA - 1 ING / NW;;
RW-Kosten;WW M2 Bau;Rechnungswesen-Kostenrechnung;Krahe;MBA - 2 BAU;;
RW-Kosten;WW M2 NW;Rechnungswesen-Kostenrechnung;Krahe;MBA - 2 ING / NW;;
RW-Kosten-G2;WW M2 NW;Rechnungswesen-Kostenrechnung;Krahe;MBA - 2 ING / NW;;
SchlQual;;Schluesselqualifikationen;Kuhn;;;
SchlQual-G1;6Tec;Schluesselqualifikationen;Kuhn;WI - 6 TEC;;
SchlQual-G1;6Inf/Bio,6Bio/Inf;Schluesselqualifikationen;Kuhn;WI - 6 BIO;;
SchlQual-G1;6Inf/Bio,6Bio/Inf;Schluesselqualifikationen;Kuhn;WI - 6 INF;;
SchlQual-G2;6Tec;Schluesselqualifikationen;Kuhn;WI - 6 TEC;;
SchlQual-G2;6Inf/Bio,6Bio/Inf;Schluesselqualifikationen;Kuhn;WI - 6 BIO;;
SchlQual-G2;6Inf/Bio,6Bio/Inf;Schluesselqualifikationen;Kuhn;WI - 6 INF;;
SchlQual-G3;;Schluesselqualifikationen;Kuhn;;;
SCM;7LM;Supply Chain Management;Rieger;LM - 7;;
SCM MA;WI M2;Supply Chain Management;Meier;WIM - 2 A;;
SCM MA;WW M5;Supply Chain Management;Meier;MBA - 5 BAU;;
SCM MA;WW M5;Supply Chain Management;Meier;MBA - 5 ING / NW;;
SCM MA;WW M5;Supply Chain Management;Meier;MBA - 5 WI;;
Sens;4Tec,4Inf/Tec;Sensorik;Mauerer;WI - 4 TEC 1;;
Sens;4Tec-G2,4Tec-G2/Inf;Sensorik;Mauerer;WI - 4 TEC 2;;
Sens;4Bio/Inf,4Inf/Bio,4Bio;Sensorik;Mauerer;WI - 4 BIO;;
Sens;4Bio/Inf,4Inf/Bio,4Tec-G2/Inf,4Inf/Tec;Sensorik;Mauerer;WI - 4 INF;;
Sens Prak;;Sensorik Praktikum;Mauerer;;;
ServManag;6AU;Service Management;Koether;AU - 6;;
SoftIng1;3Inf/Bio,3Inf/Tec;Software Engineering 1;Hinz;WI - 3 INF;;
SoftIng2;4Inf/Bio,4Inf/Tec;Software Engineering 2;Schoenecker;WI - 4 INF;;
SoftIng2;5Inf/Bio;Software Engineering 2;Schoenecker;WI - 5 INF;;
Soft-Log1;4LM;Softwaresysteme der Logistik (1);Rieger;LM - 4;;
Soft-Log2;6LM;Softwaresysteme der Logistik (2);Rieger;LM - 6;;
Stat;3LM;Statistik;Stumpp;LM - 3;;
Steuer;WI M2;Betriebswirtschaftliche Steuerlehre;Ruehlemann;WIM - 2 A;;
Steuer;WW M1 WI;Betriebswirtschaftliche Steuerlehre;Ruehlemann;MBA - 1 WI;;
Tech Umw;3Bio/Inf,3Inf/Bio,3Bio;Technischer Umweltschutz;Trebesius;WI - 3 BIO;;
TM;1A;Technische Mechanik;Anzinger;WI - 1 A;;
TM;1B;Technische Mechanik;Anzinger;WI - 1 B;;
TM;1C;Technische Mechanik;Anzinger;WI - 1 C;;
TM;1LM;Technische Mechanik;Anzinger;LM - 1;;
TM;1AU;Technische Mechanik;Anzinger;AU - 1;;
TPM Vertrieb;WI M1;Technisches Produktmanagement und internationaler Vertrieb;Gabrysch;WIM - 1 A;;
TPM Vertrieb;WI M1 G2;Technisches Produktmanagement und internationaler Vertrieb;Gabrysch;WIM - 1 B;;
TPM Vertrieb;CIE;Technisches Produktmanagement und internationaler Vertrieb;Gabrysch;CIE - CIE;;
TPM Vertrieb-G2;WI M1;Technisches Produktmanagement und internationaler Vertrieb;Gabrysch;WIM - 1 A;;
TPM Vertrieb-G2;WW M2 WI;Technisches Produktmanagement und internationaler Vertrieb;Gabrysch;MBA - 2 WI;;
TZ-G1;1A;Technisches Zeichnen;Schulz;WI - 1 A;;
TZ-G2;1A;Technisches Zeichnen;Schulz;WI - 1 A;;
TZ-G3;1A;Technisches Zeichnen;Schulz;WI - 1 A;;
TZ-G1;1B;Technisches Zeichnen;Schulz;WI - 1 B;;
TZ-G2;1B;Technisches Zeichnen;Schulz;WI - 1 B;;
TZ-G3;1B;Technisches Zeichnen;Schulz;WI - 1 B;;
TZ-G1;1C;Technisches Zeichnen;Schulz;WI - 1 C;;
TZ-G2;1C;Technisches Zeichnen;Schulz;WI - 1 C;;
TZ-G3;1C;Technisches Zeichnen;Schulz;WI - 1 C;;
TZ-G1;1LM;Technisches Zeichnen;Schulz;LM - 1;;
TZ-G2;1LM;Technisches Zeichnen;Schulz;LM - 1;;
TZ-G3;1LM;Technisches Zeichnen;Schulz;LM - 1;;
TZ-G1;1AU;Technisches Zeichnen;Schulz;AU - 1;;
TZ-G2;1AU;Technisches Zeichnen;Schulz;AU - 1;;
TZ-G3;1AU;Technisches Zeichnen;Schulz;AU - 1;;
UPO;5Tec;Unternehmensplanung und Organisation;Metze;WI - 5 TEC 1;;
UPO;5Tec-G2/Bio,5Bio/Tec;Unternehmensplanung und Organisation;Metze;WI - 5 TEC 2;;
UPO;5Bio/Inf,5Inf/Bio,5Bio/Tec;Unternehmensplanung und Organisation;Metze;WI - 5 BIO;;
UPO;5Bio/Inf,5Inf/Bio,5Inf;Unternehmensplanung und Organisation;Metze;WI - 5 INF;;
UPO MA;WW M4 NW;Unternehmensplanung und Organisation;Metze;MBA - 4 ING / NW;;
UPO-G2;5Bio/Inf,5Inf/Bio;Unternehmensplanung und Organisation;Metze;WI - 5 BIO;;
UPO-G2;5Bio/Inf,5Inf/Bio;Unternehmensplanung und Organisation;Metze;WI - 5 INF;;
UPO-G2;5AU;Unternehmensplanung und Organisation;Metze;AU - 5;;
UORecht MA;WW M4 NW,WW M4 Bau;Unternehmensorganisationsrecht;Wilrich;MBA - 4 ING / NW;;
UORecht MA;WW M2 WI;Unternehmensorganisationsrecht;Wilrich;MBA - 2 WI;;
UORecht MA;WI M3;Unternehmensorganisationsrecht;Wilrich;WIM - 3 A;;
VerbrMotor;4AU;Verbrennungsmotoren;FK03 (Doll);AU - 4;;
VersPlan;;Statistische Versuchsplanung;Abel;;;
VUT;3Tec;Verfahrens- und Umwelttechnik;Deublein;WI - 3 TEC G1;;
VUT;3Tec-G2,3Tec-G2/Inf;Verfahrens- und Umwelttechnik;Deublein;WI - 3 TEC G2;;
VWL;2A;Volkswirtschaftslehre;Wolf;WI - 2 A;;
VWL;2B;Volkswirtschaftslehre;Wolf;WI - 2 B;;
VWL;2C;Volkswirtschaftslehre;Wolf;WI - 2 C;;
VWL;2LM;Volkswirtschaftslehre;Wolf;LM - 2;;
VWL;2AU;Volkswirtschaftslehre;Wolf;AU - 2;;
VWL MA;WW M1 NW;Volkswirtschaftlehre;Wolf;MBA - 1 ING / NW;;
VWL MA;WW M1 NW-2;Volkswirtschaftlehre;Wolf;MBA - 1 ING / NW;;
Werkstoffe;1A;Werkstoffe;Raber;WI - 1 A;;
Werkstoffe;1B;Werkstoffe;Raber;WI - 1 B;;
Werkstoffe;1C;Werkstoffe;Raber;WI - 1 C;;
Werkstoffe;1LM;Werkstoffe;Raber;LM - 1;;
Werkstoffe;1AU;Werkstoffe;Raber;AU - 1;;
WiPo;WI M1;VWLund Wirtschaftspolitik;Wolf;WIM - 1 A;;
WiPo;WI M1 G2;VWLund Wirtschaftspolitik;Wolf;WIM - 1 B;;
WiPo;WW M3;VWLund Wirtschaftspolitik;Wolf;MBA - 3 BAU;;
WiPo;WW M3;VWLund Wirtschaftspolitik;Wolf;MBA - 3 ING / NW;;
WiPo;WW M3;VWLund Wirtschaftspolitik;Wolf;MBA - 3 WI;;
WiP-Recht;3LM;Wirtschaftsprivatrecht;Wilrich;LM - 3;;
WiP-Recht;7Bio;Wirtschaftsprivatrecht;Wilrich;WI - 7 BIO;;
WiP-Recht;7Inf/Tec,7Tec-G2/Inf;Wirtschaftsprivatrecht;Wilrich;WI - 7 INF;;
WiP-Recht;7Inf/Tec,7Tec-G2/Inf,7Tec;Wirtschaftsprivatrecht;Wilrich;WI - 7 TEC;;
WiP-Recht MA;WW M2 NW;Wirtschaftsprivatrecht;Wilrich;MBA - 2 ING / NW;;
WiP-Recht MA-G2;WW M2 NW;Wirtschaftsprivatrecht;Wilrich;MBA - 2 ING / NW;;
WisProj;6Tec;Wissenschaftliche Projektarbeit;Kurz;WI - 6 TEC;;
WisProj;6AU;Wissenschaftliche Projektarbeit;Kurz;AU - 6;;
WisProj;6Inf/Bio,6Bio/Inf;Wissenschaftliche Projektarbeit;Kurz;WI - 6 INF;;
WisProj;6Inf/Bio,6Bio/Inf;Wissenschaftliche Projektarbeit;Kurz;WI - 6 BIO;;
WisProj-G1;6Tec;Wissenschaftliche Projektarbeit;Kurz;WI - 6 TEC;;
WisProj-G2;6Tec;Wissenschaftliche Projektarbeit;Kurz;WI - 6 TEC;;
WM MasterEffect;WPM WW-M;Master Effectiveness;Puchan;MBA -  WPM;;
WM VorbFrankr;;Vorbereitungskurs Frankreich;Kuhn;;;
WPM Aero;WPM WI;Aerodynamic Principles for Automotive Design;Rebhan;WI - WPM;;
WPM Aero;WPM AU;Aerodynamic Principles for Automotive Design;Rebhan;AU - WPM;;
WPM Aero;WPM LM;Aerodynamic Principles for Automotive Design;Rebhan;LM - WPM;;
WPM Aero;CIE;Aerodynamic Principles for Automotive Design;Rebhan;CIE - CIE;;
WPM Arbeitswirt;WPM WW-M;Arbeitswirtschaft im Industrial Engineering;Brombach;MBA - WPM;;
WPM Arbeitswirt;WPM WI-M;Arbeitswirtschaft im Industrial Engineering;Brombach;WIM - WPM;;
WPM AutoProdEntw;WPM WI;Projektarbeit Automotive Produktentwicklung;Sauer;WI - WPM;;
WPM AutoProdEntw;WPM AU;Projektarbeit Automotive Produktentwicklung;Sauer;AU - WPM;;
WPM Bord Cult;WPM WI-M;Management across Border and Cultures;Doehl;WIM - WPM;;
WPM Bord Cult;WPM WW-M;Management across Border and Cultures;Doehl;MBA - WPM;;
WPM Bord Cult;CIE;Management across Border and Cultures;Doehl;CIE - CIE;;
WPM Brand Code;;The Branding Code  - Key success factor of strong brands;Doehl;;;
WPM Build Career;WPM WI;WPM Build Career;Schick;WI - WPM;;
WPM Build Career;WPM AU;WPM Build Career;Schick;AU - WPM;;
WPM Build Career;WPM LM;WPM Build Career;Schick;LM - WPM;;
WPM BusSoft;WPM WW-M;Business Software;Metze;MBA -  WPM;;
WPM BusSoft;WPM WI-M;Business Software;Metze;WIM -  WPM;;
WPM BWL Cont Bau;WPM WW-M;Spezielle BWL und betriebliches Controlling im Bauwesen;FK02 (Clausen);MBA -  WPM;;
WPM CATIA 1;WPM AU;CATIA;Koether;AU - WPM;;
WPM CATIA 2;WPM AU;CATIA 2;Koether;AU - WPM;;
WPM ChangeMgt;WPM WI;Change Management;Doehl;WI - WPM;;
WPM ChangeMgt;WPM AU;Change Management;Doehl;AU - WPM;;
WPM ChangeMgt;WPM LM;Change Management;Doehl;LM - WPM;;
WPM ChangeMgt;CIE;Change Management;Doehl;CIE - CIE;;
WPM ChangeMgt-G2;;Change Management;Doehl;;;
WPM CM Führung;WPM WW-M;Change Management für Führungskräfte;Osterchrist;MBA -  WPM;;
WPM CM Führung;WPM WI-M;Change Management für Führungskräfte;Osterchrist;WIM -  WPM;;
WPM ConsSkills;WPM WI;Consulting Skills;Osterchrist;WI - WPM;;
WPM ConsSkills;WPM AU;Consulting Skills;Osterchrist;AU - WPM;;
WPM ConsSkills;WPM LM;Consulting Skills;Osterchrist;LM - WPM;;
WPM ConsSkills;CIE;Consulting Skills;Osterchrist;CIE - CIE;;
WPM CreatBrand;;Marketing Project: Creating a Brand;Doehl;;;
WPM CreateAdvant;WPM WI;Create Sustainable Competetive Advantages;Doehl;WI - WPM;;
WPM CreateAdvant;WPM AU;Create Sustainable Competetive Advantages;Doehl;AU - WPM;;
WPM CreateAdvant;WPM LM;Create Sustainable Competetive Advantages;Doehl;LM - WPM;;
WPM CreateAdvant;CIE;Create Sustainable Competetive Advantages;Doehl;CIE - CIE;;
WPM Decision;WPM WI;Management Decision Making Supported by Data Analysis;Mauerer;WI - WPM;;
WPM Decision;WPM AU;Management Decision Making Supported by Data Analysis;Mauerer;AU - WPM;;
WPM Decision;WPM LM;Management Decision Making Supported by Data Analysis;Mauerer;LM - WPM;;
WPM Decision;CIE;Management Decision Making Supported by Data Analysis;Mauerer;CIE - CIE;;
WPM E-Business;WPM WI;E-Business;Rebhan;WI - WPM;;
WPM E-Business;WPM AU;E-Business;Rebhan;AU - WPM;;
WPM E-Business;WPM LM;E-Business;Rebhan;LM - WPM;;
WPM E-Business;CIE;E-Business;Rebhan;CIE - CIE;;
WPM Einkauf;WPM WW-M;Einkauf;Meier;MBA - WPM;;
WPM Einkauf;WPM WI-M;Einkauf;Meier;WIM - WPM;;
WPM Engl Hi Plus;WPM WW-M;English Hi plus;Meier-Fohrbeck;MBA - WPM;;
WPM Engl Hi Plus;WPM WI-M;English Hi plus;Meier-Fohrbeck;WIM - WPM;;
WPM Engl Hi2 Plus;;Business English High2 (HI PLUS);Meier-Fohrbeck;;;
WPM Entrepren;WPM WI;Entreprenieurship;Gillig;WI - WPM;;
WPM Entrepren;WPM AU;Entreprenieurship;Gillig;AU - WPM;;
WPM Entrepren;WPM LM;Entreprenieurship;Gillig;LM - WPM;;
WPM Entrepren;CIE;Entreprenieurship;Gillig;CIE - CIE;;
WPM Entrepren;WPM WI-M;Entreprenieurship;Gillig;WIM - WPM;;
WPM Entrepren;WPM WW-M;Entreprenieurship;Gillig;MBA - WPM;;
WPM Entscheid;WPM WI-M;Entscheidungsverhalten;Sachenbacher;WIM - WPM;;
WPM I&O Logistics;WPM WI;WPM I&O Logistics;Koether;WI - WPM;;
WPM I&O Logistics;WPM AU;WPM I&O Logistics;Koether;AU - WPM;;
WPM SAP ERP;WPM WI;ERP Basiswissen;Metze;WI - WPM;;
WPM SAP ERP;WPM AU;ERP Basiswissen;Metze;AU - WPM;;
WPM ERP-b;;ERP Basiswissen;Metze;;;
WPM Foerder;WPM AU;Foerdertechnik;Koether;AU - WPM;;
WPM FrenchGermStrat;WPM WI-M;French/German Strategy Seminar;Doehl;WIM - WPM;;
WPM FrenchGermStrat;CIE;French/German Strategy Seminar;Doehl;CIE - CIE;;
WPM FS Franz LMAU;WPM LM;Fachsprache Französisch;Kuhn;LM - WPM;;
WPM FS Franz LMAU;WPM AU;Fachsprache Französisch;Kuhn;AU - WPM;;
WPM FS Franz MA;WPM WI-M;Fachsprache Franzoesisch;Kuhn;WIM - WPM;;
WPM Geschäftsidee;WPM WI;WPM Geschäftsidee;Gillig;WI - WPM;;
WPM Geschäftsidee;WPM AU;WPM Geschäftsidee;Gillig;AU - WPM;;
WPM Geschäftsidee;WPM LM;WPM Geschäftsidee;Gillig;LM - WPM;;
WPM GeschPrMgt;WPM WI;Geschaeftsprozessmanagement;Puchan;WI - WPM;;
WPM GeschPrMgt;WPM AU;Geschaeftsprozessmanagement;Puchan;AU - WPM;;
WPM GreenLog;WPM WI-M;Green Logistics and Sustainability;Däubel;WIM - WPM;;
WPM GreenLog;WPM WW-M;Green Logistics and Sustainability;Däubel;MBA - WPM;;
WPM GreenLog;CIE;Green Logistics and Sustainability;Däubel;CIE - CIE;;
WPM I&O Logistics;;Inbound and outbound logistics;Koether;;;
WPM ICM-Lead MA;WPM WI-M;Intercultural Management + Leadership;Doehl;WIM - WPM;;
WPM ICM-Lead MA;WPM WW-M;Intercultural Management + Leadership;Doehl;MBA - WPM;;
WPM InterProjManag;WPM WI-M;International Projekt Management;Doehl;WIM - WPM;;
WPM InterProjManag;WPM WW-M;International Projekt Management;Doehl;MBA - WPM;;
WPM InterProjManag;CIE;International Projekt Management;Doehl;CIE - CIE;;
WPM IntMark&Brand;WPM WI-M;International Marketing and Global Branding;Doehl;WIM -  WPM;;
WPM IntMark&Brand;CIE;International Marketing and Global Branding;Doehl;CIE - CIE;;
WPM IntMark-G1;;International Marketing;Doehl;;;
WPM IntMark-G2;;International Marketing;Doehl;;;
WPM Kfz-Schäden;WPM AU;Kfz-Schäden und Bewertungen I;FK03 (Bäumler);AU - WPM;;
WPM KontrLog;WPM WI;Kontraktlogistik;Meier;WI - WPM;;
WPM KontrLog;WPM LM;Kontraktlogistik;Meier;LM - WPM;;
WPM KontrLog;WPM AU;Kontraktlogistik;Meier;AU - WPM;;
WPM KostenMgt;WPM WI;Kostenmanagement aus technischer und betriebswirtschaftlicher Sicht;Krahe;WI - WPM;;
WPM Laser;WPM WI;LASER-Technik;Hoffmann;WI - WPM;;
WPM Lead;CIE;Leadership;Doehl;CIE - CIE;;
WPM Leader-CIE;CIE;Leadership;Doehl;CIE - CIE;;
WPM Lean;;Lean Management and Lean Administration;Rieger;;;
WPM Lean-G1;WPM WI-M;Lean Management and Lean Administration;Rieger;WIM - WPM;;
WPM Lean-G1;WPM WW-M;Lean Management and Lean Administration;Rieger;MBA - WPM;;
WPM Lean-G1;CIE;Lean Management and Lean Administration;Rieger;CIE - CIE;;
WPM Lean-G2;WPM WI-M;Lean Management and Lean Administration;Rieger;WIM - WPM;;
WPM Lean-G2;WPM WW-M;Lean Management and Lean Administration;Rieger;MBA - WPM;;
WPM Lean-G2;CIE;Lean Management and Lean Administration;Rieger;CIE - CIE;;
WPM Lean-G3;;Lean Management and Lean Administration;Rieger;;;
WPM MarkPraxis;WPM WI;WPM MarkPraxis;Gabrysch;WI - WPM;;
WPM MarkPraxis;WPM AU;WPM MarkPraxis;Gabrysch;AU - WPM;;
WPM MarkPraxis;WPM LM;WPM MarkPraxis;Gabrysch;LM - WPM;;
WPM MarkPraxis;CIE;WPM MarkPraxis;Gabrysch;CIE - CIE;;
WPM MarkProj;WPM WI;Marketing Project;Gabrysch;WI - WPM;;
WPM MarkProj;WPM AU;Marketing Project;Gabrysch;AU - WPM;;
WPM MarkProj;WPM LM;Marketing Project;Gabrysch;LM - WPM;;
WPM MarkProj;CIE;Marketing Project;Gabrysch;CIE - CIE;;
WPM MATLAB;WPM WI;Simulation Technology with MATLAB/SIMULINK;Stumpp;WI - WPM;;
WPM MATLAB;WPM AU;Simulation Technology with MATLAB/SIMULINK;Stumpp;AU - WPM;;
WPM MATLAB;WPM LM;Simulation Technology with MATLAB/SIMULINK;Stumpp;LM - WPM;;
WPM MATLAB;CIE;Simulation Technology with MATLAB/SIMULINK;Stumpp;CIE - CIE;;
WPM MgtBordCult;;Management Across Border and Cultures;Doehl;;;
WPM MTM;;Methods Time Measurement;Kurz;;;
WPM NachEntw;WPM WI;Planspiel Nachhaltige Entwicklung;Simon;WI - WPM;;
WPM NachEntw;WPM AU;Planspiel Nachhaltige Entwicklung;Simon;AU - WPM;;
WPM NachEntw;WPM LM;Planspiel Nachhaltige Entwicklung;Simon;LM - WPM;;
WPM NaWi;WPM WI-M;Nachhaltiges Wirtschaften;Simon;WIM - WPM;;
WPM NaWi;WPM WW-M;Nachhaltiges Wirtschaften;Simon;MBA - WPM;;
WPM OR;;Operations Research;Abel;;;
WPM PlanProd;WPM WI;Planung und Realisierung von Produktionslinien;Sauer;WI - WPM;;
WPM PlanProd;WPM AU;Planung und Realisierung von Produktionslinien;Sauer;AU - WPM;;
WPM ProdErgo;WPM WI;Produktergonomie;Brombach;WI - WPM;;
WPM ProdErgo;WPM AU;Produktergonomie;Brombach;AU - WPM;;
WPM ProdErgo;WPM LM;Produktergonomie;Brombach;LM - WPM;;
WPM ProdErgo;CIE;Produktergonomie;Brombach;CIE - CIE;;
WPM ProdTechRecht;;Produkt- und Technikrecht;Wilrich;;;
WPM ProjPartnerAbroad;WPM WI-M;WPM ProjPartnerAbroad;Doehl;WIM - WPM;;
WPM ProjPartnerAbroad;CIE;WPM ProjPartnerAbroad;Doehl;CIE - CIE;;
WPM Rating;WPM WI-M;Rating und Unternehmensbewertung;Englbrecht;WIM - WPM;;
WPM Rating;WPM WW-M;Rating und Unternehmensbewertung;Englbrecht;MBA - WPM;;
WPM RiskMan;WPM WI-M;Risikomanagement;Krahe;WIM - WPM;;
WPM RiskMan;WPM WW-M;Risikomanagement;Krahe;MBA - WPM;;
WPM Six Sigma;WPM WI;Lean Six Sigma Foundation;Doehl;WI - WPM;;
WPM Six Sigma;WPM AU;Lean Six Sigma Foundation;Doehl;AU - WPM;;
WPM Six Sigma;WPM LM;Lean Six Sigma Foundation;Doehl;LM - WPM;;
WPM Six Sigma;CIE;Lean Six Sigma Foundation;Doehl;CIE - CIE;;
WPM Soft-Log1 WI;WPM WI;Softwaresysteme der Logistik (1);Rieger;WI - WPM;;
WPM Soft-Log2 WI;;Softwaresysteme der Logistik (2);Rieger;;;
WPM Softskills2;WPM WI-M;Softskills;Puchan;WIM - WPM;;
WPM Softskills2;WPM WW-M;Softskills;Puchan;MBA - WPM;;
WPM Softskills2-G2;WPM WI-M;Softskills;Puchan;WIM - WPM;;
WPM Softskills2-G2;WPM WW-M;Softskills;Puchan;MBA - WPM;;
WPM Softskills1-a;WPM WI-M;Softskills 1-a Business Etikette;Puchan;WIM - WPM;;
WPM Softskills1-a;WPM WW-M;Softskills 1-a Business Etikette;Puchan;MBA - WPM;;
WPM Softskills1-a-G1;;Softskills1-a Business Etikette;Puchan;;;
WPM Softskills1-a-G2;;Softskills1-a Business Etikette;Puchan;;;
WPM Softskills1-b;WPM WI-M;Softskills1-b Umgang mit schwierigen Situationen;Puchan;WIM - WPM;;
WPM Softskills1-b;WPM WW-M;Softskills1-b Umgang mit schwierigen Situationen;Puchan;MBA - WPM;;
WPM Softskills1-c;WPM WI-M;Softskills1-c Mitarbeiter-Recruitierung;Puchan;WIM - WPM;;
WPM Softskills1-c;WPM WW-M;Softskills1-c Mitarbeiter-Recruitierung;Puchan;MBA - WPM;;
WPM Softskills2-a;WPM WI-M;Softskills2-a Grundlagen der Kommunikation;Puchan;WIM - WPM;;
WPM Softskills2-a;WPM WW-M;Softskills2-a Grundlagen der Kommunikation;Puchan;MBA - WPM;;
WPM Softskills2-a-G2;WPM WI-M;Softskills2-a Grundlagen der Kommunikation;Puchan;WIM - WPM;;
WPM Softskills2-a-G2;WPM WW-M;Softskills2-a Grundlagen der Kommunikation;Puchan;MBA - WPM;;
WPM Softskills2-b;WPM WI-M;Softskills2-b Grundlagen der Mediation;Puchan;WIM - WPM;;
WPM Softskills2-b;WPM WW-M;Softskills2-b Grundlagen der Mediation;Puchan;MBA - WPM;;
WPM Softskills2-b-G2;WPM WI-M;Softskills2-b Grundlagen der Mediation;Puchan;WIM - WPM;;
WPM Softskills2-b-G2;WPM WW-M;Softskills2-b Grundlagen der Mediation;Puchan;MBA - WPM;;
WPM Softskills2-c;WPM WI-M;Softskills2-c Grundlagen der Unternehmensethik;Puchan;WIM - WPM;;
WPM Softskills2-c;WPM WW-M;Softskills2-c Grundlagen der Unternehmensethik;Puchan;MBA - WPM;;
WPM Softskills2-c-G2;WPM WI-M;Softskills2-c Grundlagen der Unternehmensethik;Puchan;WIM - WPM;;
WPM Softskills2-c-G2;WPM WW-M;Softskills2-c Grundlagen der Unternehmensethik;Puchan;MBA - WPM;;
WPM StratManag;WPM WI-M;Praxis des strategischen Managements;Englberger;WIM - WPM;;
WPM StratManag;WPM WW-M;Praxis des strategischen Managements;Englberger;MBA - WPM;;
WPM StratPlan;WPM WI-M;Strategic Planning for Engineers;Doehl;WIM - WPM;;
WPM StratPlan;WPM WW-M;Strategic Planning for Engineers;Doehl;MBA - WPM;;
WPM Stud-wettbewerb;;;;;;
WPM System Ergo;;Systemergonomie;Brombach;;;
WPM TechTradeLaw;WPM WI-M;Technicall Harmonisation in Europe and International Trade Law;Wilrich;WIM - WPM;;
WPM TechTradeLaw;WPM WW-M;Technicall Harmonisation in Europe and International Trade Law;Wilrich;MBA - WPM;;
WPM TechTradeLaw;CIE;Technicall Harmonisation in Europe and International Trade Law;Wilrich;CIE - CIE;;
WPM U-Gründ;WPM WI-M;Unternehmensgründung und -nachfolge;Ruehlemann;WIM - WPM;;
WPM U-Gründ;WPM WW-M;Unternehmensgründung und -nachfolge;Ruehlemann;MBA - WPM;;
WPM UnfMech;WPM AU;Unfallmechanik;FK03 (Baeumler);AU - WPM;;
WPM Verh Mod;WPM LM;Verhandlungsfuehrung und Moderationstechnik;Meier;LM - WPM;;
WPM Verh Mod;WPM AU;Verhandlungsfuehrung und Moderationstechnik;Meier;AU - WPM;;
WPM Wieviel Grün;;Wieviel Grün ist drin?;Simon;;;
WPM WiP-Recht;WPM AU;Wirtschaftsprivatrecht;Wilrich;AU - WPM;;
WT;1A;Werkstofftechnik;Raber;WI - 1 A;;
WT;1B;Werkstofftechnik;Raber;WI - 1 B;;
WT;1C;Werkstofftechnik;Raber;WI - 1 C;;
WT;1LM;Werkstofftechnik;Raber;LM - 1;;
WT;1AU;Werkstofftechnik;Raber;AU - 1;;
WT;2A;Werkstofftechnik;Raber;WI - 2 B;;
WT;2B;Werkstofftechnik;Raber;WI - 2 B;;
WT;2C;Werkstofftechnik;Raber;WI - 2 C;;
WT;2LM;Werkstofftechnik;Raber;LM - 2;;
WT;2AU;Werkstofftechnik;Raber;AU - 2;;
WT-Projekt;3Tec;Werkstofftechnik Projektarbeit;Raber;WI - 3 TEC G1;;
WT-Projekt;3Tec-G2,3Tec-G2/Inf;Werkstofftechnik Projektarbeit;Raber;WI - 3 TEC G2;;
WT-Projekt;3Bio/Inf,3Inf/Bio,3Bio;Werkstofftechnik Projektarbeit;Raber;WI - 3 BIO;;
WT-Projekt;3Bio/Inf,3Inf/Bio,3Tec-G2/Inf,3Inf/Tec;Werkstofftechnik Projektarbeit;Raber;WI - 3 INF;;
WT-Projekt-G1;3Tec;Werkstofftechnik Projektarbeit;Raber;WI - 3 TEC G1;;
WT-Projekt-G1;3Tec-G2,3Tec-G2/Inf;Werkstofftechnik Projektarbeit;Raber;WI - 3 TEC G2;;
WT-Projekt-G1;3Bio/Inf,3Inf/Bio,3Bio;Werkstofftechnik Projektarbeit;Raber;WI - 3 BIO;;
WT-Projekt-G1;3Bio/Inf,3Inf/Bio,3Tec-G2/Inf,3Inf/Tec;Werkstofftechnik Projektarbeit;Raber;WI - 3 INF;;
WT-Projekt-G2;3Tec;Werkstofftechnik Projektarbeit;Raber;WI - 3 TEC G1;;
WT-Projekt-G2;3Tec-G2,3Tec-G2/Inf;Werkstofftechnik Projektarbeit;Raber;WI - 3 TEC G2;;
WT-Projekt-G2;3Bio/Inf,3Inf/Bio,3Bio;Werkstofftechnik Projektarbeit;Raber;WI - 3 BIO;;
WT-Projekt-G2;3Bio/Inf,3Inf/Bio,3Tec-G2/Inf,3Inf/Tec;Werkstofftechnik Projektarbeit;Raber;WI - 3 INF;;
ZellMikro;;Zell- und Mikrobiologie in FK06;Trebesius;;;
